{
  "per_seed": [
    {
      "seed": 0,
      "anions": {
        "O": {
          "r0_learned": 1.4114959239959717,
          "b_learned": 0.33737602829933167,
          "r0_init": 1.466,
          "b_init": 0.37,
          "r0_delta": -0.05450403690338135,
          "b_delta": -0.03262397646903992
        },
        "S": {
          "r0_learned": 1.9096205234527588,
          "b_learned": 0.41488346457481384,
          "r0_init": 1.85,
          "b_init": 0.4,
          "r0_delta": 0.05962049961090088,
          "b_delta": 0.014883458614349365
        },
        "Se": {
          "r0_learned": 1.9161269664764404,
          "b_learned": 0.40341928601264954,
          "r0_init": 1.93,
          "b_init": 0.4,
          "r0_delta": -0.013872981071472168,
          "b_delta": 0.0034192800521850586
        },
        "F": {
          "r0_learned": 1.3480721712112427,
          "b_learned": 0.3638584613800049,
          "r0_init": 1.36,
          "b_init": 0.37,
          "r0_delta": -0.01192784309387207,
          "b_delta": -0.006141543388366699
        },
        "Cl": {
          "r0_learned": 1.746119499206543,
          "b_learned": 0.37527889013290405,
          "r0_init": 1.79,
          "b_init": 0.4,
          "r0_delta": -0.043880462646484375,
          "b_delta": -0.024721115827560425
        },
        "Br": {
          "r0_learned": 1.8521184921264648,
          "b_learned": 0.3808329403400421,
          "r0_init": 1.92,
          "b_init": 0.4,
          "r0_delta": -0.06788146495819092,
          "b_delta": -0.019167065620422363
        },
        "I": {
          "r0_learned": 2.050675868988037,
          "b_learned": 0.39372819662094116,
          "r0_init": 2.07,
          "b_init": 0.4,
          "r0_delta": -0.019324064254760742,
          "b_delta": -0.006271809339523315
        },
        "N": {
          "r0_learned": 1.5887118577957153,
          "b_learned": 0.3604569733142853,
          "r0_init": 1.61,
          "b_init": 0.37,
          "r0_delta": -0.021288156509399414,
          "b_delta": -0.009543031454086304
        }
      }
    },
    {
      "seed": 1,
      "anions": {
        "O": {
          "r0_learned": 1.4346821308135986,
          "b_learned": 0.35375359654426575,
          "r0_init": 1.466,
          "b_init": 0.37,
          "r0_delta": -0.031317830085754395,
          "b_delta": -0.016246408224105835
        },
        "S": {
          "r0_learned": 1.871346354484558,
          "b_learned": 0.4055745303630829,
          "r0_init": 1.85,
          "b_init": 0.4,
          "r0_delta": 0.021346330642700195,
          "b_delta": 0.005574524402618408
        },
        "Se": {
          "r0_learned": 1.9145317077636719,
          "b_learned": 0.39037832617759705,
          "r0_init": 1.93,
          "b_init": 0.4,
          "r0_delta": -0.015468239784240723,
          "b_delta": -0.009621679782867432
        },
        "F": {
          "r0_learned": 1.3561373949050903,
          "b_learned": 0.36954885721206665,
          "r0_init": 1.36,
          "b_init": 0.37,
          "r0_delta": -0.003862619400024414,
          "b_delta": -0.00045114755630493164
        },
        "Cl": {
          "r0_learned": 1.8065284490585327,
          "b_learned": 0.40849587321281433,
          "r0_init": 1.79,
          "b_init": 0.4,
          "r0_delta": 0.01652848720550537,
          "b_delta": 0.008495867252349854
        },
        "Br": {
          "r0_learned": 1.8651379346847534,
          "b_learned": 0.37939101457595825,
          "r0_init": 1.92,
          "b_init": 0.4,
          "r0_delta": -0.054862022399902344,
          "b_delta": -0.020608991384506226
        },
        "I": {
          "r0_learned": 2.08135986328125,
          "b_learned": 0.39915964007377625,
          "r0_init": 2.07,
          "b_init": 0.4,
          "r0_delta": 0.011359930038452148,
          "b_delta": -0.0008403658866882324
        },
        "N": {
          "r0_learned": 1.6500053405761719,
          "b_learned": 0.3856264054775238,
          "r0_init": 1.61,
          "b_init": 0.37,
          "r0_delta": 0.04000532627105713,
          "b_delta": 0.01562640070915222
        }
      }
    },
    {
      "seed": 2,
      "anions": {
        "O": {
          "r0_learned": 1.4883830547332764,
          "b_learned": 0.3983985483646393,
          "r0_init": 1.466,
          "b_init": 0.37,
          "r0_delta": 0.02238309383392334,
          "b_delta": 0.0283985435962677
        },
        "S": {
          "r0_learned": 1.837325930595398,
          "b_learned": 0.3973838686943054,
          "r0_init": 1.85,
          "b_init": 0.4,
          "r0_delta": -0.012674093246459961,
          "b_delta": -0.0026161372661590576
        },
        "Se": {
          "r0_learned": 1.876484990119934,
          "b_learned": 0.38808608055114746,
          "r0_init": 1.93,
          "b_init": 0.4,
          "r0_delta": -0.053514957427978516,
          "b_delta": -0.011913925409317017
        },
        "F": {
          "r0_learned": 1.3328075408935547,
          "b_learned": 0.3560248911380768,
          "r0_init": 1.36,
          "b_init": 0.37,
          "r0_delta": -0.02719247341156006,
          "b_delta": -0.0139751136302948
        },
        "Cl": {
          "r0_learned": 1.8177599906921387,
          "b_learned": 0.4157649874687195,
          "r0_init": 1.79,
          "b_init": 0.4,
          "r0_delta": 0.027760028839111328,
          "b_delta": 0.015764981508255005
        },
        "Br": {
          "r0_learned": 1.7365375757217407,
          "b_learned": 0.3308580219745636,
          "r0_init": 1.92,
          "b_init": 0.4,
          "r0_delta": -0.18346238136291504,
          "b_delta": -0.06914198398590088
        },
        "I": {
          "r0_learned": 2.2258827686309814,
          "b_learned": 0.42159321904182434,
          "r0_init": 2.07,
          "b_init": 0.4,
          "r0_delta": 0.1558828353881836,
          "b_delta": 0.021593213081359863
        },
        "N": {
          "r0_learned": 1.5905743837356567,
          "b_learned": 0.34570372104644775,
          "r0_init": 1.61,
          "b_init": 0.37,
          "r0_delta": -0.019425630569458008,
          "b_delta": -0.024296283721923828
        }
      }
    },
    {
      "seed": 3,
      "anions": {
        "O": {
          "r0_learned": 1.4349331855773926,
          "b_learned": 0.3458138406276703,
          "r0_init": 1.466,
          "b_init": 0.37,
          "r0_delta": -0.03106677532196045,
          "b_delta": -0.024186164140701294
        },
        "S": {
          "r0_learned": 1.88273024559021,
          "b_learned": 0.4032013416290283,
          "r0_init": 1.85,
          "b_init": 0.4,
          "r0_delta": 0.03273022174835205,
          "b_delta": 0.0032013356685638428
        },
        "Se": {
          "r0_learned": 1.9253219366073608,
          "b_learned": 0.40302425622940063,
          "r0_init": 1.93,
          "b_init": 0.4,
          "r0_delta": -0.004678010940551758,
          "b_delta": 0.0030242502689361572
        },
        "F": {
          "r0_learned": 1.3636064529418945,
          "b_learned": 0.3706681430339813,
          "r0_init": 1.36,
          "b_init": 0.37,
          "r0_delta": 0.003606438636779785,
          "b_delta": 0.0006681382656097412
        },
        "Cl": {
          "r0_learned": 1.789058804512024,
          "b_learned": 0.39733654260635376,
          "r0_init": 1.79,
          "b_init": 0.4,
          "r0_delta": -0.000941157341003418,
          "b_delta": -0.0026634633541107178
        },
        "Br": {
          "r0_learned": 1.880844235420227,
          "b_learned": 0.3877999186515808,
          "r0_init": 1.92,
          "b_init": 0.4,
          "r0_delta": -0.03915572166442871,
          "b_delta": -0.012200087308883667
        },
        "I": {
          "r0_learned": 2.0820388793945312,
          "b_learned": 0.3989090621471405,
          "r0_init": 2.07,
          "b_init": 0.4,