{
  "fraction": 1.0,
  "n_train_per_fold": 225,
  "mae_ensemble": 0.9378047585487366,
  "mae_per_seed_mean": 1.008869183063507,
  "mae_per_seed_std": 0.05564867914075246,
  "per_seed_mae": [
    0.9325459599494934,
    1.0948935747146606,
    0.9672377109527588,
    1.0220508575439453,
    1.0276178121566772
  ]
}