{
  "fraction": 0.4,
  "n_train_per_fold": 90,
  "mae_ensemble": 1.0078336000442505,
  "mae_per_seed_mean": 1.1505630970001222,
  "mae_per_seed_std": 0.06886094714311734,
  "per_seed_mae": [
    1.0229874849319458,
    1.2056899070739746,
    1.133744478225708,
    1.2031794786453247,
    1.1872141361236572
  ]
}