{
  "fraction": 0.6,
  "n_train_per_fold": 135,
  "mae_ensemble": 0.9737856388092041,
  "mae_per_seed_mean": 1.0989412546157837,
  "mae_per_seed_std": 0.03535965759038575,
  "per_seed_mae": [
    1.0736783742904663,
    1.0563037395477295,
    1.1455376148223877,
    1.1360243558883667,
    1.0831621885299683
  ]
}