{
  "fraction": 0.8,
  "n_train_per_fold": 180,
  "mae_ensemble": 0.9745664596557617,
  "mae_per_seed_mean": 1.064689540863037,
  "mae_per_seed_std": 0.037684082125268296,
  "per_seed_mae": [
    1.0376864671707153,
    1.0620460510253906,
    1.0153881311416626,
    1.1243783235549927,
    1.0839487314224243
  ]
}