{
  "LightGBM + Magpie": {
    "mae": 0.9990212917327881,
    "r2": 0.5947313331095362,
    "auc": 0.8994416350611041
  },
  "LightGBM + Magpie + lattice + geometric": {
    "mae": 0.9242990016937256,
    "r2": 0.6716462861489223,
    "auc": 0.8969658659924147
  },
  "LightGBM + ALL (Magpie + lattice + geometric + MACE)": {
    "mae": 0.907370388507843,
    "r2": 0.6841441948791732,
    "auc": 0.8972819216182049
  },
  "k-SEC Phase A4 (standalone)": {
    "mae": 1.0785150527954102,
    "r2": 0.5977845323170643,
    "auc": 0.8715233881163085
  }
}