{
  "config": {
    "epochs": 60,
    "dropout": 0.15,
    "n_mc_samples": 30
  },
  "aggregate_mae": 1.396825909614563,
  "mean_uncertainty": 0.14882534742355347,
  "coverage": {
    "1.0\u03c3": 0.06666666666666667,
    "1.96\u03c3": 0.13333333333333333
  }
}