{
  "config": {
    "epochs": 40,
    "lr": 0.001,
    "batch_size": 16
  },
  "per_family": [
    {
      "family": "argyrodites",
      "n_test": 43,
      "mae": 0.9029486179351807,
      "r2": 0.12726367261696303,
      "n": 43,
      "wall_s": 159.2
    },
    {
      "family": "garnet",
      "n_test": 52,
      "mae": 1.0535099506378174,
      "r2": -0.3737178570972417,
      "n": 52,
      "wall_s": 153.8
    },
    {
      "family": "lgps",
      "n_test": 12,
      "mae": 1.4561153650283813,
      "r2": -50.945073232482656,
      "n": 12,
      "wall_s": 2506.3
    }
  ],
  "mean_ood_mae": 1.1375246445337932,
  "complete": false
}