{
  "n": 281,
  "mae": {
    "mean": 1.0467128313899041,
    "ci_lo": 0.9246232628822326,
    "ci_hi": 1.1826600313186646
  },
  "spearman": {
    "mean": 0.7789407520509579,
    "ci_lo": 0.7060133959304492,
    "ci_hi": 0.8405060962479804
  }
}